Subject,Experiment ID,Feature extraction,Band selection,Channel selection,Classification algorithm,Accuracy,Happy precision,Sad precision,Happy recall,Sad recall,Happy f1-score,Sad f1-score
1,3,STFT,All bands,-,Random Forest,0.966796875,0.9549180327868853,0.9776119402985075,0.9748953974895398,0.9597069597069597,0.9648033126293997,0.9685767097966728
1,3,STFT,All bands,-,SVM,0.966796875,0.937007874015748,0.9961240310077519,0.99581589958159,0.9413919413919414,0.9655172413793104,0.967984934086629
1,3,STFT,All bands,-,kNN,0.9609375,0.9506172839506173,0.9702602230483272,0.9665271966527197,0.9560439560439561,0.9585062240663901,0.96309963099631
